"MSI GeForce RTX 3090 VENTUS 3X 24G OC";"от 289 000 до 289 999 р."
"Gigabyte GeForce RTX 3090 GAMING OC 24G";"от 284 000 до 299 999 р."
"Palit GeForce RTX 3090 GamingPro";"от 292 990 до 318 398 р."
"Gigabyte GeForce RTX 3090 TURBO 24G";"от 286 999 до 375 800 р."
"Gigabyte GeForce RTX 3090 VISION OC 24G";"от 251 560 р."
"Asus GeForce RTX 3090 TURBO";"от 285 810 до 299 999 р."
"Palit GeForce RTX 3090 GameRock";"от 295 990 до 326 391 р."
"Gigabyte AORUS RTX 3090 GAMING BOX";250 000 р.
"Asus GeForce RTX 3090 ROG STRIX GAMING";302 706 р.
"MSI GeForce RTX 3090 GAMING X TRIO";"от 299 990 до 334 315 р."
"EVGA GeForce RTX 3090 FTW3 ULTRA GAMING";336 700 р.
"Asus GeForce RTX 3090 ROG STRIX OC White";302 706 р.
"Gigabyte GeForce RTX 3090 AORUS XTREME 24G";"от 306 990 р."
"Asus GeForce RTX 3090 TUF GAMING OC";"от 299 999 до 310 350 р."
"Gigabyte GeForce RTX 3090 AORUS XTREME WATERFORCE WB 24G";"от 299 990 р."
"MSI GeForce RTX 3090 SUPRIM X 24G";229 990 р.
"Asus GeForce RTX 3090 EKWB";351 400 р.
"Gigabyte GeForce RTX 3090 EAGLE OC 24G";299 999 р.
"ZOTAC GeForce RTX 3090 Trinity OC";281 810 р.
"Gainward GeForce RTX 3090 Phoenix";"от 265 000 р."
"Gigabyte GeForce RTX 3090 AORUS MASTER 24G";"от 261 500 р."
"Colorful GeForce RTX 3090 Advanced OC-V";289 999 р.
"MSI GeForce RTX 3090 GAMING TRIO 24G";"от 294 990 р."
"EVGA GeForce RTX 3090 XC3 ULTRA GAMING";"от 261 990 р."
"INNO3D GeForce RTX 3090 ICHILL X4";"от 289 999 р."
"ZOTAC GeForce RTX 3090 ArcticStorm";"от 247 302 р."
"EVGA GeForce RTX 3090 XC3 BLACK GAMING";"от 265 000 р."
"Asus GeForce RTX 3090 ROG STRIX White";"от 270 000 р."
"PNY GeForce RTX 3090 24GB XLR8 Gaming REVEL EPIC-X";"от 401 990 р."
"PNY GeForce RTX 3090 24GB XLR8 Gaming UPRISING EPIC-X";"от 478 975 р."
"Gigabyte GeForce RTX 3090 AORUS XTREME WATERFORCE 24G";"от 335 990 р."
" Видеокарта MSI RTX3090 24GB VENTUS 3X 24G OC";309 990 р.
"MSI GeForce RTX 3090 AERO 24G";"от 226 900 р."
"MSI GeForce RTX 3090 SUPRIM 24G";"от 240 460 р."
"Gainward GeForce RTX 3090 Phantom GS";0
"INNO3D GeForce RTX 3090 X3";"от 249 000 р."
"INNO3D GeForce RTX 3090 ICHILL FROSTBITE";0
"KFA2 GeForce RTX 3090 39NSM5MD1GNK";0
"EVGA GeForce RTX 3090 FTW3 GAMING";0
"MSI GeForce RTX 3090 VENTUS 3X 24G";"от 162 200 р."
"ZOTAC GeForce RTX 3090 AMP Core Holo";"от 209 500 р."
"Colorful GeForce RTX 3090 Neptune OC-V";"от 272 950 р."
"INNO3D GeForce RTX 3090 ICHILL X3";"от 274 399 р."
"INNO3D GeForce RTX 3090 GAMING X3";"от 239 770 р."
"EVGA GeForce RTX 3090 XC3 GAMING";0
"Colorful GeForce RTX 3090 Vulcan OC-V";"от 272 900 р."
"KFA2 GeForce RTX 3090 39NXM5MD3BNK";0
"KFA2 GeForce RTX 3090 39NXM5MD3BLK";0
"EVGA GeForce RTX 3090 K|NGP|N HYBRID GAMING";"от 303 302 р."
"EVGA GeForce RTX 3090 XC3 ULTRA HYDRO COPPER GAMING";0
"EVGA GeForce RTX 3090 FTW3 ULTRA HYDRO COPPER GAMING";0
"EVGA GeForce RTX 3090 XC3 ULTRA HYBRID GAMING";"от 213 290 р."
"EVGA GeForce RTX 3090 FTW3 ULTRA HYBRID GAMING";"от 235 066 р."
